{"cameraMode":{"drawMode":0,"name":"Shaded","section":"Shading Mode"},"sceneLighting":false,"audioPlay":false,"sceneViewState":{"m_AlwaysRefresh":false,"showFog":true,"showSkybox":false,"showFlares":true,"showImageEffects":true,"showParticleSystems":true,"showVisualEffectGraphs":true,"m_FxEnabled":true},"in2DMode":false,"pivot":{"x":-0.2193375825881958,"y":1.3650791645050049,"z":-3.725290298461914e-8},"rotation":{"x":-0.22766447067260743,"y":0.03270849958062172,"z":-0.007650954648852348,"w":-0.9731643795967102},"size":1.5957040786743165,"orthographic":false}