{"cameraMode":{"drawMode":0,"name":"Shaded","section":"Shading Mode"},"sceneLighting":false,"audioPlay":false,"sceneViewState":{"m_AlwaysRefresh":false,"showFog":true,"showSkybox":false,"showFlares":true,"showImageEffects":true,"showParticleSystems":true,"showVisualEffectGraphs":true,"m_FxEnabled":true},"in2DMode":false,"pivot":{"x":-2.9802322387695315e-8,"y":0.3465240001678467,"z":-0.0001138150691986084},"rotation":{"x":-0.38739636540412905,"y":0.004699863027781248,"z":-0.00197400851175189,"w":-0.9219037294387817},"size":0.5643896460533142,"orthographic":false}