{"cameraMode":{"drawMode":0,"name":"Shaded","section":"Shading Mode"},"sceneLighting":false,"audioPlay":false,"sceneViewState":{"m_AlwaysRefresh":false,"showFog":true,"showSkybox":false,"showFlares":true,"showImageEffects":true,"showParticleSystems":true,"showVisualEffectGraphs":true,"m_FxEnabled":true},"in2DMode":false,"pivot":{"x":-1.2349060773849488,"y":0.6858665943145752,"z":0.00367862731218338},"rotation":{"x":-0.06317690759897232,"y":-0.056544385850429538,"z":0.0034843815956264736,"w":-0.9964767694473267},"size":1.5048307180404664,"orthographic":false}