{"cameraMode":{"drawMode":0,"name":"Shaded","section":"Shading Mode"},"sceneLighting":false,"audioPlay":false,"sceneViewState":{"m_AlwaysRefresh":false,"showFog":true,"showSkybox":false,"showFlares":true,"showImageEffects":true,"showParticleSystems":true,"showVisualEffectGraphs":true,"m_FxEnabled":true},"in2DMode":false,"pivot":{"x":-0.5213791728019714,"y":2.361562967300415,"z":2.2213547229766847},"rotation":{"x":-0.028218984603881837,"y":0.9662103056907654,"z":-0.2260376662015915,"w":-0.12062294036149979},"size":0.017552359029650689,"orthographic":false}