{"cameraMode":{"drawMode":0,"name":"Shaded","section":"Shading Mode"},"sceneLighting":false,"audioPlay":false,"sceneViewState":{"m_AlwaysRefresh":false,"showFog":true,"showSkybox":false,"showFlares":true,"showImageEffects":true,"showParticleSystems":true,"showVisualEffectGraphs":true,"m_FxEnabled":true},"in2DMode":false,"pivot":{"x":0.09101176261901856,"y":0.2583441734313965,"z":1.3439921140670777},"rotation":{"x":-0.24941140413284303,"y":-0.4363982379436493,"z":0.1272904872894287,"w":-0.8550764322280884},"size":0.9025112986564636,"orthographic":false}