{"cameraMode":{"drawMode":0,"name":"Shaded","section":"Shading Mode"},"sceneLighting":false,"audioPlay":false,"sceneViewState":{"m_AlwaysRefresh":false,"showFog":true,"showSkybox":false,"showFlares":true,"showImageEffects":true,"showParticleSystems":true,"showVisualEffectGraphs":true,"m_FxEnabled":true},"in2DMode":false,"pivot":{"x":-27.079532623291017,"y":1.1598048210144044,"z":-6.584290504455566},"rotation":{"x":-0.12923450767993928,"y":0.8422485589981079,"z":-0.23202012479305268,"w":-0.46912965178489687},"size":1.1885950565338135,"orthographic":false}