{"cameraMode":{"drawMode":0,"name":"Shaded","section":"Shading Mode"},"sceneLighting":false,"audioPlay":false,"sceneViewState":{"m_AlwaysRefresh":false,"showFog":true,"showSkybox":false,"showFlares":true,"showImageEffects":true,"showParticleSystems":true,"showVisualEffectGraphs":true,"m_FxEnabled":true},"in2DMode":false,"pivot":{"x":1.1047601699829102,"y":0.5679429769515991,"z":0.5446560382843018},"rotation":{"x":0.06592672318220139,"y":-0.2714352607727051,"z":-0.02051389403641224,"w":-0.9611802101135254},"size":3.3832149505615236,"orthographic":false}