{"cameraMode":{"drawMode":0,"name":"Shaded","section":"Shading Mode"},"sceneLighting":false,"audioPlay":false,"sceneViewState":{"m_AlwaysRefresh":false,"showFog":true,"showSkybox":false,"showFlares":true,"showImageEffects":true,"showParticleSystems":true,"showVisualEffectGraphs":true,"m_FxEnabled":true},"in2DMode":false,"pivot":{"x":11.996601104736329,"y":6.512520790100098,"z":4.442326545715332},"rotation":{"x":-0.13243751227855683,"y":0.8475520014762878,"z":-0.24997825920581819,"w":-0.4490293860435486},"size":0.000017320508050033823,"orthographic":false}