{"cameraMode":{"drawMode":0,"name":"Shaded","section":"Shading Mode"},"sceneLighting":false,"audioPlay":false,"sceneViewState":{"m_AlwaysRefresh":false,"showFog":true,"showSkybox":false,"showFlares":true,"showImageEffects":true,"showParticleSystems":true,"showVisualEffectGraphs":true,"m_FxEnabled":true},"in2DMode":false,"pivot":{"x":6.9487175941467289,"y":4.946695804595947,"z":7.608612537384033},"rotation":{"x":-0.08942834287881851,"y":0.9000939130783081,"z":-0.2205633968114853,"w":-0.36494630575180056},"size":0.00181732012424618,"orthographic":false}