{"cameraMode":{"drawMode":0,"name":"Shaded","section":"Shading Mode"},"sceneLighting":false,"audioPlay":false,"sceneViewState":{"m_AlwaysRefresh":false,"showFog":true,"showSkybox":false,"showFlares":true,"showImageEffects":true,"showParticleSystems":true,"showVisualEffectGraphs":true,"m_FxEnabled":true},"in2DMode":false,"pivot":{"x":-0.9553720951080322,"y":0.9073104858398438,"z":-0.0006122589111328125},"rotation":{"x":-0.22766447067260743,"y":0.03270849958062172,"z":-0.007650954648852348,"w":-0.9731643795967102},"size":2.8595197200775148,"orthographic":false}