{"cameraMode":{"drawMode":0,"name":"Shaded","section":"Shading Mode"},"sceneLighting":false,"audioPlay":false,"sceneViewState":{"m_AlwaysRefresh":false,"showFog":true,"showSkybox":false,"showFlares":true,"showImageEffects":true,"showParticleSystems":true,"showVisualEffectGraphs":true,"m_FxEnabled":true},"in2DMode":false,"pivot":{"x":0.5462303161621094,"y":0.6214923858642578,"z":1.7713088989257813},"rotation":{"x":-0.23140934109687806,"y":-0.5673413276672363,"z":0.17011162638664246,"w":-0.7717776894569397},"size":8.931017875671387,"orthographic":false}