{"cameraMode":{"drawMode":0,"name":"Shaded","section":"Shading Mode"},"sceneLighting":false,"audioPlay":false,"sceneViewState":{"m_AlwaysRefresh":false,"showFog":true,"showSkybox":false,"showFlares":true,"showImageEffects":true,"showParticleSystems":true,"showVisualEffectGraphs":true,"m_FxEnabled":true},"in2DMode":false,"pivot":{"x":-0.029488801956176759,"y":0.4779810309410095,"z":-0.0034958720207214357},"rotation":{"x":-0.21253429353237153,"y":0.350382536649704,"z":-0.08196846395730972,"w":-0.9084881544113159},"size":1.0391366481781006,"orthographic":false}