{"cameraMode":{"drawMode":0,"name":"Shaded","section":"Shading Mode"},"sceneLighting":false,"audioPlay":false,"sceneViewState":{"m_AlwaysRefresh":false,"showFog":true,"showSkybox":false,"showFlares":true,"showImageEffects":true,"showParticleSystems":true,"showVisualEffectGraphs":true,"m_FxEnabled":true},"in2DMode":false,"pivot":{"x":-1.1274625062942505,"y":-1.6118392944335938,"z":-6.90665864944458},"rotation":{"x":-0.010358850471675396,"y":0.9722413420677185,"z":-0.23220930993556977,"w":-0.054601944983005527},"size":5.909080982208252,"orthographic":false}