{"cameraMode":{"drawMode":0,"name":"Shaded","section":"Shading Mode"},"sceneLighting":false,"audioPlay":false,"sceneViewState":{"m_AlwaysRefresh":false,"showFog":true,"showSkybox":false,"showFlares":true,"showImageEffects":true,"showParticleSystems":true,"showVisualEffectGraphs":true,"m_FxEnabled":true},"in2DMode":false,"pivot":{"x":6.001215934753418,"y":6.634988784790039,"z":9.120529174804688},"rotation":{"x":-0.10379566997289658,"y":0.8919399380683899,"z":-0.2616165578365326,"w":-0.3538745045661926},"size":0.000017320508050033823,"orthographic":false}