{"cameraMode":{"drawMode":0,"name":"Shaded","section":"Shading Mode"},"sceneLighting":false,"audioPlay":false,"sceneViewState":{"m_AlwaysRefresh":false,"showFog":true,"showSkybox":false,"showFlares":true,"showImageEffects":true,"showParticleSystems":true,"showVisualEffectGraphs":true,"m_FxEnabled":true},"in2DMode":false,"pivot":{"x":-0.7761026620864868,"y":0.1026531457901001,"z":0.29178452491760256},"rotation":{"x":-0.00017257693980354816,"y":0.9896062016487122,"z":-0.1438092440366745,"w":-0.0011863682884722949},"size":0.9384908676147461,"orthographic":false}