{"cameraMode":{"drawMode":0,"name":"Shaded","section":"Shading Mode"},"sceneLighting":false,"audioPlay":false,"sceneViewState":{"m_AlwaysRefresh":false,"showFog":true,"showSkybox":false,"showFlares":true,"showImageEffects":true,"showParticleSystems":true,"showVisualEffectGraphs":true,"m_FxEnabled":true},"in2DMode":false,"pivot":{"x":-2.636404514312744,"y":0.10493826866149903,"z":0.3866746425628662},"rotation":{"x":-0.38739636540412905,"y":0.004699863027781248,"z":-0.00197400851175189,"w":-0.9219037294387817},"size":7.2799787521362309,"orthographic":false}