{"cameraMode":{"drawMode":0,"name":"Shaded","section":"Shading Mode"},"sceneLighting":false,"audioPlay":false,"sceneViewState":{"m_AlwaysRefresh":false,"showFog":true,"showSkybox":false,"showFlares":true,"showImageEffects":true,"showParticleSystems":true,"showVisualEffectGraphs":true,"m_FxEnabled":true},"in2DMode":false,"pivot":{"x":0.1809648871421814,"y":0.49990034103393557,"z":0.28238487243652346},"rotation":{"x":-0.04259669408202171,"y":0.954951286315918,"z":-0.1910323202610016,"w":-0.226984903216362},"size":0.7118787169456482,"orthographic":false}