{"cameraMode":{"drawMode":0,"name":"Shaded","section":"Shading Mode"},"sceneLighting":false,"audioPlay":false,"sceneViewState":{"m_AlwaysRefresh":false,"showFog":true,"showSkybox":false,"showFlares":true,"showImageEffects":true,"showParticleSystems":true,"showVisualEffectGraphs":true,"m_FxEnabled":true},"in2DMode":false,"pivot":{"x":-0.47301435470581057,"y":-0.23731613159179688,"z":0.17679834365844727},"rotation":{"x":-0.13162222504615785,"y":-0.20530250668525697,"z":0.02710600569844246,"w":-0.9701030850410461},"size":4.426121711730957,"orthographic":false}