{"cameraMode":{"drawMode":0,"name":"Shaded","section":"Shading Mode"},"sceneLighting":false,"audioPlay":false,"sceneViewState":{"m_AlwaysRefresh":false,"showFog":true,"showSkybox":false,"showFlares":true,"showImageEffects":true,"showParticleSystems":true,"showVisualEffectGraphs":true,"m_FxEnabled":true},"in2DMode":false,"pivot":{"x":-20.420000076293947,"y":-0.059999942779541019,"z":5.849999904632568},"rotation":{"x":-0.08114172518253327,"y":0.9081628918647766,"z":-0.20815201103687287,"w":-0.3540191054344177},"size":5.430810928344727,"orthographic":false}