{"cameraMode":{"drawMode":0,"name":"Shaded","section":"Shading Mode"},"sceneLighting":false,"audioPlay":false,"sceneViewState":{"m_AlwaysRefresh":false,"showFog":true,"showSkybox":false,"showFlares":true,"showImageEffects":true,"showParticleSystems":true,"showVisualEffectGraphs":true,"m_FxEnabled":true},"in2DMode":false,"pivot":{"x":1.1133110523223878,"y":1.2684632539749146,"z":1.6974296569824219},"rotation":{"x":-0.07703636586666107,"y":0.9229564666748047,"z":-0.26471036672592165,"w":-0.2685996890068054},"size":0.0014173203380778432,"orthographic":false}