{"cameraMode":{"drawMode":0,"name":"Shaded","section":"Shading Mode"},"sceneLighting":false,"audioPlay":false,"sceneViewState":{"m_AlwaysRefresh":false,"showFog":true,"showSkybox":false,"showFlares":true,"showImageEffects":true,"showParticleSystems":true,"showVisualEffectGraphs":true,"m_FxEnabled":true},"in2DMode":false,"pivot":{"x":0.00011622905731201172,"y":1.1773923635482789,"z":0.665652871131897},"rotation":{"x":-0.22766447067260743,"y":0.03270849958062172,"z":-0.007650954648852348,"w":-0.9731643795967102},"size":2.335430860519409,"orthographic":false}