{"cameraMode":{"drawMode":0,"name":"Shaded","section":"Shading Mode"},"sceneLighting":false,"audioPlay":false,"sceneViewState":{"m_AlwaysRefresh":false,"showFog":true,"showSkybox":false,"showFlares":true,"showImageEffects":true,"showParticleSystems":true,"showVisualEffectGraphs":true,"m_FxEnabled":true},"in2DMode":false,"pivot":{"x":-0.009139060974121094,"y":2.8244473934173586,"z":1.5689043998718262},"rotation":{"x":-0.38739636540412905,"y":0.004699863027781248,"z":-0.00197400851175189,"w":-0.9219037294387817},"size":4.539218425750732,"orthographic":false}