{"cameraMode":{"drawMode":0,"name":"Shaded","section":"Shading Mode"},"sceneLighting":true,"audioPlay":false,"sceneViewState":{"m_AlwaysRefresh":false,"showFog":true,"showSkybox":false,"showFlares":true,"showImageEffects":true,"showParticleSystems":true,"showVisualEffectGraphs":true,"m_FxEnabled":true},"in2DMode":false,"pivot":{"x":1.1071276664733887,"y":2.2981462478637697,"z":0.3112196922302246},"rotation":{"x":-0.22526177763938905,"y":-0.11601954698562622,"z":0.026376528665423394,"w":-0.9678384065628052},"size":2.8791275024414064,"orthographic":false}