{"cameraMode":{"drawMode":0,"name":"Shaded","section":"Shading Mode"},"sceneLighting":false,"audioPlay":false,"sceneViewState":{"m_AlwaysRefresh":false,"showFog":true,"showSkybox":false,"showFlares":true,"showImageEffects":true,"showParticleSystems":true,"showVisualEffectGraphs":true,"m_FxEnabled":true},"in2DMode":false,"pivot":{"x":0.08400559425354004,"y":0.2850459814071655,"z":-0.00959324836730957},"rotation":{"x":-0.5064014196395874,"y":-0.41945770382881167,"z":0.3083568513393402,"w":-0.6876848340034485},"size":0.9393090009689331,"orthographic":false}