{"cameraMode":{"drawMode":0,"name":"Shaded","section":"Shading Mode"},"sceneLighting":false,"audioPlay":false,"sceneViewState":{"m_AlwaysRefresh":false,"showFog":true,"showSkybox":false,"showFlares":true,"showImageEffects":true,"showParticleSystems":true,"showVisualEffectGraphs":true,"m_FxEnabled":true},"in2DMode":false,"pivot":{"x":-1.4726717472076417,"y":1.4739898443222047,"z":-0.03670426458120346},"rotation":{"x":-0.06317690759897232,"y":-0.056544385850429538,"z":0.0034843815956264736,"w":-0.9964767694473267},"size":2.184436798095703,"orthographic":false}