{"cameraMode":{"drawMode":0,"name":"Shaded","section":"Shading Mode"},"sceneLighting":false,"audioPlay":false,"sceneViewState":{"m_AlwaysRefresh":false,"showFog":true,"showSkybox":false,"showFlares":true,"showImageEffects":true,"showParticleSystems":true,"showVisualEffectGraphs":true,"m_FxEnabled":true},"in2DMode":false,"pivot":{"x":0.00938713550567627,"y":-0.016735076904296876,"z":-0.05414891242980957},"rotation":{"x":-0.13822439312934876,"y":-0.8518533706665039,"z":0.2723638117313385,"w":-0.42686545848846438},"size":1.286216139793396,"orthographic":false}