{"cameraMode":{"drawMode":0,"name":"Shaded","section":"Shading Mode"},"sceneLighting":false,"audioPlay":false,"sceneViewState":{"m_AlwaysRefresh":false,"showFog":true,"showSkybox":false,"showFlares":true,"showImageEffects":true,"showParticleSystems":true,"showVisualEffectGraphs":true,"m_FxEnabled":true},"in2DMode":false,"pivot":{"x":-1.3918571472167969,"y":-4.0493879318237309,"z":3.5824756622314455},"rotation":{"x":-0.35852259397506716,"y":0.1707303375005722,"z":-0.06758350878953934,"w":-0.9159969091415405},"size":11.215066909790039,"orthographic":false}