{"cameraMode":{"drawMode":0,"name":"Shaded","section":"Shading Mode"},"sceneLighting":false,"audioPlay":false,"sceneViewState":{"m_AlwaysRefresh":false,"showFog":true,"showSkybox":false,"showFlares":true,"showImageEffects":true,"showParticleSystems":true,"showVisualEffectGraphs":true,"m_FxEnabled":true},"in2DMode":false,"pivot":{"x":-0.7697674036026001,"y":0.23259299993515016,"z":-0.1674424707889557},"rotation":{"x":-0.2678505778312683,"y":0.49123862385749819,"z":-0.16186966001987458,"w":-0.8128637671470642},"size":0.8313844799995422,"orthographic":false}