{"cameraMode":{"drawMode":0,"name":"Shaded","section":"Shading Mode"},"sceneLighting":false,"audioPlay":false,"sceneViewState":{"m_AlwaysRefresh":false,"showFog":true,"showSkybox":false,"showFlares":true,"showImageEffects":true,"showParticleSystems":true,"showVisualEffectGraphs":true,"m_FxEnabled":true},"in2DMode":false,"pivot":{"x":-0.019789844751358033,"y":0.7583207488059998,"z":0.08702540397644043},"rotation":{"x":0.023799197748303415,"y":0.975228488445282,"z":-0.20053726434707642,"w":0.10148905217647553},"size":1.2247449159622193,"orthographic":false}