{"cameraMode":{"drawMode":0,"name":"Shaded","section":"Shading Mode"},"sceneLighting":false,"audioPlay":false,"sceneViewState":{"m_AlwaysRefresh":false,"showFog":true,"showSkybox":false,"showFlares":true,"showImageEffects":true,"showParticleSystems":true,"showVisualEffectGraphs":true,"m_FxEnabled":true},"in2DMode":false,"pivot":{"x":-0.036158621311187747,"y":0.4560469388961792,"z":-0.003524184226989746},"rotation":{"x":-0.21253429353237153,"y":0.350382536649704,"z":-0.08196846395730972,"w":-0.9084881544113159},"size":1.1342216730117798,"orthographic":false}