{"cameraMode":{"drawMode":0,"name":"Shaded","section":"Shading Mode"},"sceneLighting":false,"audioPlay":false,"sceneViewState":{"m_AlwaysRefresh":false,"showFog":true,"showSkybox":false,"showFlares":true,"showImageEffects":true,"showParticleSystems":true,"showVisualEffectGraphs":true,"m_FxEnabled":true},"in2DMode":false,"pivot":{"x":17.088315963745118,"y":13.970122337341309,"z":17.89635467529297},"rotation":{"x":-0.10712923854589462,"y":0.8821753263473511,"z":-0.2430189698934555,"w":-0.38888609409332278},"size":0.0011173204984515906,"orthographic":false}