{"cameraMode":{"drawMode":0,"name":"Shaded","section":"Shading Mode"},"sceneLighting":false,"audioPlay":false,"sceneViewState":{"m_AlwaysRefresh":false,"showFog":true,"showSkybox":false,"showFlares":true,"showImageEffects":true,"showParticleSystems":true,"showVisualEffectGraphs":true,"m_FxEnabled":true},"in2DMode":false,"pivot":{"x":0.0000010017720342148096,"y":-9.516807040199637e-7,"z":-5.9297235566191378e-8},"rotation":{"x":-0.10588029772043228,"y":0.8921746611595154,"z":-0.27775195240974429,"w":-0.3401007652282715},"size":0.000017320508050033823,"orthographic":false}