{"cameraMode":{"drawMode":0,"name":"Shaded","section":"Shading Mode"},"sceneLighting":false,"audioPlay":false,"sceneViewState":{"m_AlwaysRefresh":false,"showFog":true,"showSkybox":false,"showFlares":true,"showImageEffects":true,"showParticleSystems":true,"showVisualEffectGraphs":true,"m_FxEnabled":true},"in2DMode":false,"pivot":{"x":-0.03944706916809082,"y":2.2242045402526857,"z":-0.01974010467529297},"rotation":{"x":-0.13822439312934876,"y":-0.8518533706665039,"z":0.2723638117313385,"w":-0.42686545848846438},"size":3.2452778816223146,"orthographic":false}