{"cameraMode":{"drawMode":0,"name":"Shaded","section":"Shading Mode"},"sceneLighting":false,"audioPlay":false,"sceneViewState":{"m_AlwaysRefresh":false,"showFog":true,"showSkybox":false,"showFlares":true,"showImageEffects":true,"showParticleSystems":true,"showVisualEffectGraphs":true,"m_FxEnabled":true},"in2DMode":false,"pivot":{"x":0.011861860752105713,"y":0.034077584743499759,"z":0.007591426372528076},"rotation":{"x":-0.08114172518253327,"y":0.9081628918647766,"z":-0.20815201103687287,"w":-0.3540191054344177},"size":0.41402488946914675,"orthographic":false}