{"cameraMode":{"drawMode":0,"name":"Shaded","section":"Shading Mode"},"sceneLighting":false,"audioPlay":false,"sceneViewState":{"m_AlwaysRefresh":false,"showFog":true,"showSkybox":false,"showFlares":true,"showImageEffects":true,"showParticleSystems":true,"showVisualEffectGraphs":true,"m_FxEnabled":true},"in2DMode":false,"pivot":{"x":-0.382930725812912,"y":0.8346046209335327,"z":0.6534184813499451},"rotation":{"x":-0.35682442784309389,"y":0.23708821833133698,"z":-0.09456635266542435,"w":-0.8988350629806519},"size":1.6970090866088868,"orthographic":false}