{"cameraMode":{"drawMode":0,"name":"Shaded","section":"Shading Mode"},"sceneLighting":false,"audioPlay":false,"sceneViewState":{"m_AlwaysRefresh":false,"showFog":true,"showSkybox":false,"showFlares":true,"showImageEffects":true,"showParticleSystems":true,"showVisualEffectGraphs":true,"m_FxEnabled":true},"in2DMode":false,"pivot":{"x":12.777207374572754,"y":10.276484489440918,"z":13.912382125854493},"rotation":{"x":-0.0943772941827774,"y":0.8979586958885193,"z":-0.23581132292747498,"w":-0.3593840003013611},"size":0.000017320508050033823,"orthographic":false}